FirstName,LastName,address,city,State,Zip,PhoneNumber,Email
Nirav,Raj,Asansol,GopalNagar,Asansol,WestBengal,713340,7585853052,niravraj@gmail.com

"SAM", "Rogers", "Main ave,Dayton", 555555, "California", "6537388926", "sam@gmail.com"));
        listperson.Add(new AddressBook("Jhon", "Rogers", "Main Streetnewyork", 555566, "Florida", "6537388920", "jhon@gmail.com"));
        listperson.Add(new AddressBook("Smith", "Rogers", "12 Main street New York", 556564, "LosAnglas", "6537388926", "smaith@gmail.com"));
        listperson.Add(new AddressBook("SAM", "Rogers", "Main ave,Dayton", 555555, "California", "6537388926", "sam@gmail.com"));
        listperson.Add(new AddressBook("Elon", "Musk", "Main Street NewYork", 5656565, "Wasighton", "6537388926", "Elon@gmail.com"));
        listperson.Add(new AddressBook("Elon", "Musk", "Main Street NewYork", 5656565, "Wasighton", "6537388926", "Elon@gmail.com"));
HelloWord-BridgeLabz
